{
  "code": 200,
  "data": {
    "description": "",
    "external": {
      "apple-touch-icon": {
        "https://emiratesracing.com/apple-touch-icon.png": {
          "sizes": "180x180"
        }
      },
      "author": {
        "https://emiratesracing.com/humans.txt": {
          "type": "text/plain"
        }
      },
      "canonical": {
        "https://emiratesracing.com/racecard/2026-02-20/all/declarations": {}
      },
      "home": {
        "https://emiratesracing.com/": {}
      },
      "icon": {
        "https://emiratesracing.com/favicon-16x16.png": {
          "sizes": "16x16",
          "type": "image/png"
        },
        "https://emiratesracing.com/favicon-32x32.png": {
          "sizes": "32x32",
          "type": "image/png"
        }
      },
      "manifest": {
        "https://emiratesracing.com/site.webmanifest": {}
      },
      "preconnect": {
        "https://fonts.googleapis.com/": {},
        "https://fonts.gstatic.com/": {
          "crossorigin": ""
        }
      }
    },
    "html": "<html class=\"js\" lang=\"en\" dir=\"ltr\"><head>\n            <script type=\"text/javascript\" async=\"\" src=\"https://www.googletagmanager.com/gtag/js?id=G-8MHS5NFK99&amp;cx=c&amp;gtm=4e62b1\"></script><script async=\"\" src=\"https://www.googletagmanager.com/gtm.js?id=GTM-5MPNGTH\"></script><script src=\"https://consent.cookiefirst.com/sites/emiratesracing.com-5f8acf73-804c-4c5e-a055-41b063a53b61/consent.js\"></script><script src=\"https://consent.cookiefirst.com/consentBanner.js\" type=\"module\"></script>\n    \n            <!-- Google Tag Manager -->\n        <script>(function(w,d,s,l,i){w[l]=w[l]||[];w[l].push({'gtm.start':\n        new Date().getTime(),event:'gtm.js'});var f=d.getElementsByTagName(s)[0],\n        j=d.createElement(s),dl=l!='dataLayer'?'&l='+l:'';j.async=true;j.src=\n        'https://www.googletagmanager.com/gtm.js?id='+i+dl;f.parentNode.insertBefore(j,f);\n        })(window,document,'script','dataLayer','GTM-5MPNGTH');</script>\n        <!-- End Google Tag Manager -->\n        \n    <meta charset=\"UTF-8\">\n    <meta http-equiv=\"X-UA-Compatible\" content=\"IE=edge\">\n    <meta name=\"viewport\" content=\"width=device-width, initial-scale=1.0\">\n    <link rel=\"preconnect\" href=\"https://fonts.googleapis.com\">\n    <link rel=\"preconnect\" href=\"https://fonts.gstatic.com\" crossorigin=\"\">\n            <link href=\"https://fonts.googleapis.com/css2?family=Open+Sans:ital,wght@0,400;0,700;1,400&amp;family=Oswald:wght@300;400;600;700&amp;display=swap\" rel=\"stylesheet\">\n        <link rel=\"stylesheet\" href=\"/assets/css/global.css?v=20260126134340\">\n    <link rel=\"apple-touch-icon\" sizes=\"180x180\" href=\"/apple-touch-icon.png\">\n<link rel=\"icon\" type=\"image/png\" sizes=\"32x32\" href=\"/favicon-32x32.png\">\n<link rel=\"icon\" type=\"image/png\" sizes=\"16x16\" href=\"/favicon-16x16.png\">\n<link rel=\"manifest\" href=\"/site.webmanifest\">\n        <title>20 Feb 2026 - Meydan | Emirates Racing Authority</title><meta name=\"referrer\" content=\"no-referrer-when-downgrade\">\n<meta name=\"robots\" content=\"all\">\n<meta content=\"en_GB\" property=\"og:locale\">\n<meta content=\"Emirates Racing Authority\" property=\"og:site_name\">\n<meta content=\"website\" property=\"og:type\">\n<meta content=\"https://emiratesracing.com/racecard/2026-02-20/all/declarations\" property=\"og:url\">\n<meta content=\"20 Feb 2026 - Meydan\" property=\"og:title\">\n<meta content=\"https://d2xuc5ucjmnf40.cloudfront.net/general/_1200x630_crop_center-center_82_none_ns/seo-default.png?mtime=1729259390\" property=\"og:image\">\n<meta content=\"1200\" property=\"og:image:width\">\n<meta content=\"630\" property=\"og:image:height\">\n<meta content=\"https://www.instagram.com/racing.era/\" property=\"og:see_also\">\n<meta content=\"https://www.facebook.com/RacingEra/\" property=\"og:see_also\">\n<meta content=\"https://twitter.com/racingera\" property=\"og:see_also\">\n<meta name=\"twitter:card\" content=\"summary\">\n<meta name=\"twitter:creator\" content=\"@\">\n<meta name=\"twitter:title\" content=\"20 Feb 2026 - Meydan\">\n<meta name=\"twitter:image\" content=\"https://d2xuc5ucjmnf40.cloudfront.net/general/_800x800_crop_center-center_82_none_ns/seo-default.png?mtime=1729259390\">\n<meta name=\"twitter:image:width\" content=\"650\">\n<meta name=\"twitter:image:height\" content=\"650\">\n<link href=\"https://emiratesracing.com/racecard/2026-02-20/all/declarations\" rel=\"canonical\">\n<link href=\"https://emiratesracing.com/\" rel=\"home\">\n<link type=\"text/plain\" href=\"https://emiratesracing.com/humans.txt\" rel=\"author\"></head>\n<body class=\"\" data-module=\"nav,quick-finder\">\n    <a class=\"skip-link\" href=\"#main\">Skip to content</a>\n\n        \n<header class=\"header\" data-module=\"header\">\n    <div class=\"header__inner\">\n        <div class=\"header__brand-wrapper\">\n            <a class=\"header__brand\" href=\"https://emiratesracing.com/\" aria-label=\"Emirates Racing Authority\">\n                <img class=\"header__brand-image\" src=\"/assets/images/brand.svg?v=2\" alt=\"\" aria-hidden=\"true\" role=\"presentation\" width=\"259\" height=\"204\">\n            </a>\n        </div>\n\n        \n<nav class=\"nav\" data-nav=\"\">\n    <ul class=\"nav__items\">\n                    \n                            <li class=\"nav__item\">\n                    <a class=\"nav__item-link\" href=\"https://emiratesracing.com/\">Home</a>\n                </li>\n                                \n                            <li class=\"nav__item nav__item--has-children\" data-module=\"nav-item\">\n                    <a class=\"nav__item-link\" href=\"https://emiratesracing.com/about-us\" aria-expanded=\"false\" data-nav-item-link=\"\">About us</a>\n                    <div class=\"nav__sub-items-outer\" data-nav-item-dropdown=\"\">\n                        <div class=\"nav__sub-items-container\">\n                            <ul class=\"nav__sub-items\">\n                                <li class=\"nav__sub-item nav__sub-item--heading\">\n                                                                            <a class=\"nav__sub-item-link\" href=\"https://emiratesracing.com/about-us\">About us</a>\n                                                                    </li>\n                                                                    <li class=\"nav__sub-item\">\n                                        <a class=\"nav__sub-item-link\" href=\"https://emiratesracing.com/about-us/about-era\">About ERA</a>\n                                    </li>\n                                                                    <li class=\"nav__sub-item\">\n                                        <a class=\"nav__sub-item-link\" href=\"https://emiratesracing.com/about-us/racing-in-the-uae\">Racing in the UAE</a>\n                                    </li>\n                                                                    <li class=\"nav__sub-item\">\n                                        <a class=\"nav__sub-item-link\" href=\"https://emiratesracing.com/about-us/racehorse-ownership\">Racehorse Ownership</a>\n                                    </li>\n                                                                    <li class=\"nav__sub-item\">\n                                        <a class=\"nav__sub-item-link\" href=\"https://emiratesracing.com/about-us/era-departments\">ERA departments</a>\n                                    </li>\n                                                            </ul>\n                            \n                                                    </div>\n                    </div>\n                </li>\n                                \n                            <li class=\"nav__item nav__item--has-children\" data-module=\"nav-item\">\n                    <a class=\"nav__item-link\" href=\"https://emiratesracing.com/season-calendar\" aria-expanded=\"false\" data-nav-item-link=\"\">Racing</a>\n                    <div class=\"nav__sub-items-outer\" data-nav-item-dropdown=\"\">\n                        <div class=\"nav__sub-items-container\">\n                            <ul class=\"nav__sub-items\">\n                                <li class=\"nav__sub-item nav__sub-item--heading\">\n                                                                            <a class=\"nav__sub-item-link\" href=\"https://emiratesracing.com/season-calendar\">Racing</a>\n                                                                    </li>\n                                                                    <li class=\"nav__sub-item\">\n                                        <a class=\"nav__sub-item-link\" href=\"https://emiratesracing.com/season-calendar\">Season calendar</a>\n                                    </li>\n                                                                    <li class=\"nav__sub-item\">\n                                        <a class=\"nav__sub-item-link\" href=\"https://emiratesracing.com/championship-standings\">Championship Standings</a>\n                                    </li>\n                                                                    <li class=\"nav__sub-item\">\n                                        <a class=\"nav__sub-item-link\" href=\"https://emiratesracing.com/horses\">Horses</a>\n                                    </li>\n                                                                    <li class=\"nav__sub-item\">\n                                        <a class=\"nav__sub-item-link\" href=\"https://emiratesracing.com/trainers\">Trainers</a>\n                                    </li>\n                                                                    <li class=\"nav__sub-item\">\n                                        <a class=\"nav__sub-item-link\" href=\"https://emiratesracing.com/owners\">Owners</a>\n                                    </li>\n                                                                    <li class=\"nav__sub-item\">\n                                        <a class=\"nav__sub-item-link\" href=\"https://emiratesracing.com/jockeys\">Jockeys</a>\n                                    </li>\n                                                                    <li class=\"nav__sub-item\">\n                                        <a class=\"nav__sub-item-link\" href=\"/season-calendar/current-season?racecourse=&amp;major-races=1#filters\">Major races</a>\n                                    </li>\n                                                                    <li class=\"nav__sub-item\">\n                                        <a class=\"nav__sub-item-link\" href=\"https://emiratesracing.com/jockey-suspensions\">Jockey Suspensions</a>\n                                    </li>\n                                                                    <li class=\"nav__sub-item\">\n                                        <a class=\"nav__sub-item-link\" href=\"https://emiratesracing.com/industry/documents\">Conditions book</a>\n                                    </li>\n                                                            </ul>\n                            \n                                                            \n\n        \n    <div class=\"nav__dropdown-feature\">\n        <h2 class=\"[ mb-4 ] [ text-uppercase ]\">Upcoming events</h2>\n\n        <div class=\"nav-upcoming-events\">\n            <div class=\"nav-upcoming-events__events\">\n                \n                                        \n                    <a class=\"nav-upcoming-events__event\" href=\"https://emiratesracing.com/season-calendar/current-season?fixture=2026-02-18#2026-02\">\n                        <div class=\"nav-upcoming-events__event-inner\">\n                            <div>\n                                <div class=\"nav-upcoming-events__event-day\">18</div>\n                                <div class=\"nav-upcoming-events__event-month-year\">February 2026</div>\n                            </div>\n                            <div>\n                                <div class=\"nav-upcoming-events__event-racecourse\">Meydan Racecourse</div>\n                            </div>\n                        </div>\n                    </a>\n                \n                                        \n                    <a class=\"nav-upcoming-events__event\" href=\"https://emiratesracing.com/season-calendar/current-season?fixture=2026-02-20#2026-02\">\n                        <div class=\"nav-upcoming-events__event-inner\">\n                            <div>\n                                <div class=\"nav-upcoming-events__event-day\">20</div>\n                                <div class=\"nav-upcoming-events__event-month-year\">February 2026</div>\n                            </div>\n                            <div>\n                                <div class=\"nav-upcoming-events__event-racecourse\">Meydan Racecourse</div>\n                            </div>\n                        </div>\n                    </a>\n                \n                                        \n                    <a class=\"nav-upcoming-events__event\" href=\"https://emiratesracing.com/season-calendar/current-season?fixture=2026-02-21#2026-02\">\n                        <div class=\"nav-upcoming-events__event-inner\">\n                            <div>\n                                <div class=\"nav-upcoming-events__event-day\">21</div>\n                                <div class=\"nav-upcoming-events__event-month-year\">February 2026</div>\n                            </div>\n                            <div>\n                                <div class=\"nav-upcoming-events__event-racecourse\">Abu Dhabi Turf Club Racecourse</div>\n                            </div>\n                        </div>\n                    </a>\n                \n                                        \n                    <a class=\"nav-upcoming-events__event\" href=\"https://emiratesracing.com/season-calendar/current-season?fixture=2026-02-22#2026-02\">\n                        <div class=\"nav-upcoming-events__event-inner\">\n                            <div>\n                                <div class=\"nav-upcoming-events__event-day\">22</div>\n                                <div class=\"nav-upcoming-events__event-month-year\">February 2026</div>\n                            </div>\n                            <div>\n                                <div class=\"nav-upcoming-events__event-racecourse\">Al Ain Racecourse</div>\n                            </div>\n                        </div>\n                    </a>\n                \n                                        \n                    <a class=\"nav-upcoming-events__event\" href=\"https://emiratesracing.com/season-calendar/current-season?fixture=2026-02-25#2026-02\">\n                        <div class=\"nav-upcoming-events__event-inner\">\n                            <div>\n                                <div class=\"nav-upcoming-events__event-day\">25</div>\n                                <div class=\"nav-upcoming-events__event-month-year\">February 2026</div>\n                            </div>\n                            <div>\n                                <div class=\"nav-upcoming-events__event-racecourse\">Jebel Ali Racecourse</div>\n                            </div>\n                        </div>\n                    </a>\n                \n                                        \n                    <a class=\"nav-upcoming-events__event\" href=\"https://emiratesracing.com/season-calendar/current-season?fixture=2026-02-27#2026-02\">\n                        <div class=\"nav-upcoming-events__event-inner\">\n                            <div>\n                                <div class=\"nav-upcoming-events__event-day\">27</div>\n                                <div class=\"nav-upcoming-events__event-month-year\">February 2026</div>\n                            </div>\n                            <div>\n                                <div class=\"nav-upcoming-events__event-racecourse\">Abu Dhabi Turf Club Racecourse</div>\n                            </div>\n                        </div>\n                    </a>\n                            </div>\n\n            \n            \n                                            \n                \n\n                                                                        \n                                    <div class=\"[ nav-upcoming-events__live-stream-panel ] [ mt-5 ]\">\n                        <h2 class=\"nav-upcoming-events__live-stream-heading\"><span class=\"fw-bold\">Next</span>\n                            <span class=\"fw-light\">live&nbsp;stream</span></h2>\n\n                        <div class=\"nav-upcoming-events__live-stream-body\">\n                            <div class=\"nav-upcoming-events__live-stream-main\">\n                                <span class=\"fw-bold\">Meydan</span>\n                                <span class=\"fw-bold\">:</span>\n                                <span class=\"ms-1\">18 February</span>\n                                <span class=\"d-inline-block mx-1\">|</span>\n                                <span class=\"d-flex\">\n                                    <span>Starts</span>\n                                    <span class=\"ms-1\">5:00pm</span>\n                                </span>\n                            </div>\n                            <a class=\"nav-upcoming-events__live-stream-cta\" href=\"https://emiratesracing.com/live-streams/dubai-racing-1\">\n                                <span class=\"visually-hidden\">View live stream</span>\n                            </a>\n                        </div>\n                    </div>\n                \n                    </div>\n    </div>\n                                                    </div>\n                    </div>\n                </li>\n                                \n                            <li class=\"nav__item nav__item--has-children\" data-module=\"nav-item\">\n                    <a class=\"nav__item-link\" href=\"https://emiratesracing.com/racecourses/meydan\" aria-expanded=\"false\" data-nav-item-link=\"\">Racecourses</a>\n                    <div class=\"nav__sub-items-outer\" data-nav-item-dropdown=\"\">\n                        <div class=\"nav__sub-items-container\">\n                            <ul class=\"nav__sub-items\">\n                                <li class=\"nav__sub-item nav__sub-item--heading\">\n                                                                            <a class=\"nav__sub-item-link\" href=\"https://emiratesracing.com/racecourses/meydan\">Racecourses</a>\n                                                                    </li>\n                                                                    <li class=\"nav__sub-item\">\n                                        <a class=\"nav__sub-item-link\" href=\"https://emiratesracing.com/racecourses/meydan\">Meydan</a>\n                                    </li>\n                                                                    <li class=\"nav__sub-item\">\n                                        <a class=\"nav__sub-item-link\" href=\"https://emiratesracing.com/racecourses/abu-dhabi-turf-club\">Abu Dhabi Turf Club</a>\n                                    </li>\n                                                                    <li class=\"nav__sub-item\">\n                                        <a class=\"nav__sub-item-link\" href=\"https://emiratesracing.com/racecourses/jebel-ali\">Jebel Ali</a>\n                                    </li>\n                                                                    <li class=\"nav__sub-item\">\n                                        <a class=\"nav__sub-item-link\" href=\"https://emiratesracing.com/racecourses/sharjah\">Sharjah</a>\n                                    </li>\n                                                                    <li class=\"nav__sub-item\">\n                                        <a class=\"nav__sub-item-link\" href=\"https://emiratesracing.com/racecourses/al-ain\">Al Ain</a>\n                                    </li>\n                                                            </ul>\n                            \n                                                    </div>\n                    </div>\n                </li>\n                                \n                            <li class=\"nav__item nav__item--has-children\" data-module=\"nav-item\">\n                    <a class=\"nav__item-link\" href=\"\" aria-expanded=\"false\" data-nav-item-link=\"\">Horse sale</a>\n                    <div class=\"nav__sub-items-outer\" data-nav-item-dropdown=\"\">\n                        <div class=\"nav__sub-items-container\">\n                            <ul class=\"nav__sub-items\">\n                                <li class=\"nav__sub-item nav__sub-item--heading\">\n                                                                            <a class=\"nav__sub-item-link\" href=\"\">Horse sale</a>\n                                                                    </li>\n                                                                    <li class=\"nav__sub-item\">\n                                        <a class=\"nav__sub-item-link\" href=\"https://emiratesracing.com/horse-sale/era-online-sale-27-november-2025\">ERA Online Sale - 27 November 2025</a>\n                                    </li>\n                                                                    <li class=\"nav__sub-item\">\n                                        <a class=\"nav__sub-item-link\" href=\"https://emiratesracing.com/horse-sale/racing-in-dubai-sale\">Thoroughbred &amp; Purebred Arabian Horses in Training Sale 2025</a>\n                                    </li>\n                                                                    <li class=\"nav__sub-item\">\n                                        <a class=\"nav__sub-item-link\" href=\"https://emiratesracing.com/horse-sale/02-04-2024\">Horses in training sale 02/04/2024</a>\n                                    </li>\n                                                                    <li class=\"nav__sub-item\">\n                                        <a class=\"nav__sub-item-link\" href=\"https://emiratesracing.com/horse-sale/26-03-2024\">Racing in Dubai sale 26/03/2024</a>\n                                    </li>\n                                                            </ul>\n                            \n                                                    </div>\n                    </div>\n                </li>\n                                \n                            <li class=\"nav__item nav__item--has-children\" data-module=\"nav-item\">\n                    <a class=\"nav__item-link\" href=\"https://emiratesracing.com/news\" aria-expanded=\"false\" data-nav-item-link=\"\">News</a>\n                    <div class=\"nav__sub-items-outer\" data-nav-item-dropdown=\"\">\n                        <div class=\"nav__sub-items-container\">\n                            <ul class=\"nav__sub-items\">\n                                <li class=\"nav__sub-item nav__sub-item--heading\">\n                                                                            <a class=\"nav__sub-item-link\" href=\"https://emiratesracing.com/news\">News</a>\n                                                                    </li>\n                                                                    <li class=\"nav__sub-item\">\n                                        <a class=\"nav__sub-item-link\" href=\"https://emiratesracing.com/news\">News</a>\n                                    </li>\n                                                            </ul>\n                            \n                                                            <div class=\"nav__dropdown-feature\">\n    <h2 class=\"[ mb-4 ] [ text-uppercase ]\">Latest news</h2>\n\n    <div class=\"grid--1 grid--xl-3\">\n                    <div>\n                <a class=\"nav-news-card\" href=\"https://emiratesracing.com/news/era-media-release-meydan-preview-26\">\n                    <div>\n                        <h2 class=\"text-uppercase h5 text-white fw-normal mb-2\">13 February 2026</h2>\n                        <h3 class=\"h5 text-white\">ERA Media Release - Meydan&nbsp;Preview</h3>\n                    </div>\n\n                    <span class=\"bg-era-green nav-news-card__btn stretched-link\">\n                        <svg xmlns=\"http://www.w3.org/2000/svg\" viewBox=\"0 0 23 23\"><path d=\"m6.58,22.55l-.11-.11c-1.28-1.3-1.28-3.39,0-4.69h0l6.17-6.25h0l-6.17-6.25c-1.28-1.3-1.28-3.39,0-4.69h0l.11-.11h0l10.9,11.05-10.9,11.05Z\" style=\"fill:currentColor;\"></path></svg>                    </span>\n                </a>\n            </div>\n                    <div>\n                <a class=\"nav-news-card\" href=\"https://emiratesracing.com/news/era-media-release-meydan-preview-25\">\n                    <div>\n                        <h2 class=\"text-uppercase h5 text-white fw-normal mb-2\">06 February 2026</h2>\n                        <h3 class=\"h5 text-white\">ERA Media Release - Meydan&nbsp;Preview</h3>\n                    </div>\n\n                    <span class=\"bg-era-green nav-news-card__btn stretched-link\">\n                        <svg xmlns=\"http://www.w3.org/2000/svg\" viewBox=\"0 0 23 23\"><path d=\"m6.58,22.55l-.11-.11c-1.28-1.3-1.28-3.39,0-4.69h0l6.17-6.25h0l-6.17-6.25c-1.28-1.3-1.28-3.39,0-4.69h0l.11-.11h0l10.9,11.05-10.9,11.05Z\" style=\"fill:currentColor;\"></path></svg>                    </span>\n                </a>\n            </div>\n                    <div>\n                <a class=\"nav-news-card\" href=\"https://emiratesracing.com/news/era-media-release-ahmad-salem-al-shamsi-electronic-apparatus\">\n                    <div>\n                        <h2 class=\"text-uppercase h5 text-white fw-normal mb-2\">06 February 2026</h2>\n                        <h3 class=\"h5 text-white\">ERA Media Release - Ahmad Salem Al Shamsi (Electronic&nbsp;Apparatus)</h3>\n                    </div>\n\n                    <span class=\"bg-era-green nav-news-card__btn stretched-link\">\n                        <svg xmlns=\"http://www.w3.org/2000/svg\" viewBox=\"0 0 23 23\"><path d=\"m6.58,22.55l-.11-.11c-1.28-1.3-1.28-3.39,0-4.69h0l6.17-6.25h0l-6.17-6.25c-1.28-1.3-1.28-3.39,0-4.69h0l.11-.11h0l10.9,11.05-10.9,11.05Z\" style=\"fill:currentColor;\"></path></svg>                    </span>\n                </a>\n            </div>\n            </div>\n</div>                                                    </div>\n                    </div>\n                </li>\n                                \n                            <li class=\"nav__item nav__item--has-children\" data-module=\"nav-item\">\n                    <a class=\"nav__item-link\" href=\"https://emiratesracing.com/industry\" aria-expanded=\"false\" data-nav-item-link=\"\">Industry</a>\n                    <div class=\"nav__sub-items-outer\" data-nav-item-dropdown=\"\">\n                        <div class=\"nav__sub-items-container\">\n                            <ul class=\"nav__sub-items\">\n                                <li class=\"nav__sub-item nav__sub-item--heading\">\n                                                                            <a class=\"nav__sub-item-link\" href=\"https://emiratesracing.com/industry\">Industry</a>\n                                                                    </li>\n                                                                    <li class=\"nav__sub-item\">\n                                        <a class=\"nav__sub-item-link\" href=\"https://emiratesracing.com/industry/faqs\">FAQs</a>\n                                    </li>\n                                                                    <li class=\"nav__sub-item\">\n                                        <a class=\"nav__sub-item-link\" href=\"https://emiratesracing.com/industry/documents\">Documents</a>\n                                    </li>\n                                                                    <li class=\"nav__sub-item\">\n                                        <a class=\"nav__sub-item-link\" href=\"https://emiratesracing.com/industry/licencing\">Licencing</a>\n                                    </li>\n                                                                    <li class=\"nav__sub-item\">\n                                        <a class=\"nav__sub-item-link\" href=\"https://emiratesracing.com/industry/veterinary\">Veterinary</a>\n                                    </li>\n                                                            </ul>\n                            \n                                                    </div>\n                    </div>\n                </li>\n                        </ul>\n    <div class=\"nav__utils\">\n        <ul class=\"nav__utils-items\">\n                            <li class=\"nav__utils-item\">\n                    <a class=\"nav__utils-item-link\" href=\"https://app-era-web-prod.azurewebsites.net/\" target=\"_blank\" rel=\"noopener\">\n                        <span class=\"nav__utils-item-icon\" aria-hidden=\"true\" role=\"presentation\">\n                            <svg xmlns=\"http://www.w3.org/2000/svg\" xmlns:xlink=\"http://www.w3.org/1999/xlink\" viewBox=\"0 0 22.77 22.77\"><defs><clipPath id=\"b\"><path d=\"m11.38,1.88h0c5.25,0,9.5,4.25,9.5,9.5h0c0,5.25-4.25,9.5-9.5,9.5h0c-5.25,0-9.5-4.25-9.5-9.5h0C1.88,6.14,6.14,1.88,11.38,1.88Z\" style=\"fill:none;\"></path></clipPath></defs><g style=\"clip-path:url(#b);\"><circle cx=\"11.38\" cy=\"7.91\" r=\"3.67\" style=\"fill:currentColor;\"></circle><circle cx=\"11.38\" cy=\"21.16\" r=\"8.35\" style=\"fill:currentColor;\"></circle></g><circle cx=\"11.38\" cy=\"11.38\" r=\"11.38\" style=\"fill:none;\"></circle><path d=\"m11.38,22.77C5.11,22.77,0,17.66,0,11.38S5.11,0,11.38,0s11.38,5.11,11.38,11.38-5.11,11.38-11.38,11.38Zm0-21.77C5.66,1,1,5.66,1,11.38s4.66,10.38,10.38,10.38,10.38-4.66,10.38-10.38S17.11,1,11.38,1Z\" style=\"fill:currentColor;\"></path></svg>                        </span>\n                        <span class=\"nav__utils-item-label\">Horsemen login</span>\n                    </a>\n                </li>\n                        <li class=\"nav__utils-item\">\n                <button class=\"nav__utils-item-link nav__utils-item-link--white\" type=\"button\" aria-controls=\"quick-finder\" aria-expanded=\"false\" data-quick-finder-trigger=\"\">\n                    <span class=\"nav__utils-item-icon\" aria-hidden=\"true\" role=\"presentation\">\n                        <svg xmlns=\"http://www.w3.org/2000/svg\" viewBox=\"0 0 23 23\"><path d=\"m21.96,21.5l-5.12-5.21c1.79-1.72,2.91-4.14,2.91-6.82C19.74,4.25,15.49,0,10.27,0S.79,4.25.79,9.48s4.25,9.48,9.48,9.48c1.91,0,3.69-.57,5.18-1.55l5.25,5.34c.17.17.4.26.63.26s.45-.08.62-.25c.35-.34.35-.9,0-1.25ZM2.56,9.48c0-4.25,3.46-7.71,7.71-7.71s7.71,3.46,7.71,7.71-3.46,7.71-7.71,7.71-7.71-3.46-7.71-7.71Z\" style=\"fill:currentColor\"></path></svg>                    </span>\n                    <span class=\"nav__utils-item-label d-sm-none\">Quick finder</span>\n                </button>\n            </li>\n            <li class=\"nav__utils-item\">\n                <a class=\"nav__utils-item-link nav__utils-item-link--white nav__utils-item-link--live-stream\" href=\"https://emiratesracing.com/live-streams/dubai-racing-1\">\n                    <span class=\"nav__utils-item-label\">Live stream</span>\n                </a>\n            </li>\n            <li class=\"nav__utils-item\">\n                <a class=\"nav__utils-item-link nav__utils-item-link--primary\" href=\"https://emiratesracing.com/contact\">\n                    <span class=\"nav__utils-item-label\">Contact</span>\n                </a>\n            </li>\n        </ul>\n    </div>\n</nav>    </div>\n</header>\n    <div class=\"quick-finder\" id=\"quick-finder\" data-quick-finder=\"\">\n    <div class=\"container-xxl\">\n        <div class=\"quick-finder__inner\">\n            <button class=\"quick-finder__close-btn\" type=\"btn\" data-quick-finder-trigger=\"\">\n                <span class=\"quick-finder__close-btn-chevron\">\n                    <svg xmlns=\"http://www.w3.org/2000/svg\" viewBox=\"0 0 23 23\"><path d=\"m16.42.45l.11.11c1.28,1.3,1.28,3.39,0,4.69h0l-6.17,6.25h0l6.17,6.25c1.28,1.3,1.28,3.39,0,4.69h0l-.11.11h0L5.52,11.5,16.42.45Z\" style=\"fill:currentColor;\"></path></svg>                </span>\n                <span class=\"quick-finder__close-btn-cross\">\n                    <svg xmlns=\"http://www.w3.org/2000/svg\" viewBox=\"0 0 29.87 29.87\"><path d=\"m17.06,14.93L29.43,2.56c.59-.59.59-1.54,0-2.12-.59-.59-1.54-.59-2.12,0l-12.37,12.37L2.56.44C1.97-.15,1.03-.15.44.44-.15,1.02-.15,1.98.44,2.56l12.37,12.37L.44,27.31c-.59.59-.59,1.54,0,2.12.29.29.68.44,1.06.44s.77-.15,1.06-.44l12.37-12.37,12.37,12.37c.29.29.68.44,1.06.44s.77-.15,1.06-.44c.59-.59.59-1.54,0-2.12l-12.37-12.37Z\" style=\"fill:currentColor;\"></path></svg>                </span>\n                <span class=\"quick-finder__close-btn-label\">Back</span>\n            </button>\n            <label class=\"quick-finder__label\" for=\"\">Quick finder</label>\n            <div class=\"quick-finder__main\">\n                <div id=\"component-qjangp\" class=\"sprig-component\" data-hx-target=\"this\" data-hx-include=\"this\" data-hx-trigger=\"refresh\" data-hx-get=\"https://emiratesracing.com/index.php?p=actions/sprig-core/components/render\" data-hx-vals=\"{&quot;sprig:config&quot;:&quot;87adccc9bd6fb466b8cf1cdfc8ff10d692710990ba06cb25604d69e0150401bf{\\u0022id\\u0022:\\u0022component-qjangp\\u0022,\\u0022siteId\\u0022:1,\\u0022template\\u0022:\\u0022sprig-components\\\\\\/quick-finder\\u0022,\\u0022variables\\u0022:{\\u0022currentSeasonStartDate\\u0022:\\u00222025-08-01\\u0022,\\u0022currentSeasonEndDate\\u0022:\\u00222026-05-31\\u0022}}&quot;}\">\n    \n<div class=\"quick-finder__input-wrapper\">\n    <input type=\"text\" id=\"search\" class=\"quick-finder__input\" name=\"search\" value=\"\" sprig=\"\" s-trigger=\"keyup changed delay:200ms\" s-replace=\"#quick-finder-results\" s-indicator=\"#quick-finder-spinner\" placeholder=\"Start typing horse/owner/trainer/jockey/race name...\" data-quick-finder-input=\"\" data-sprig-parsed=\"\" data-hx-get=\"https://emiratesracing.com/index.php?p=actions/sprig-core/components/render\" data-hx-trigger=\"keyup changed delay:200ms\" data-hx-select=\"#quick-finder-results\" data-hx-target=\"#quick-finder-results\" data-hx-swap=\"outerHTML\" data-hx-indicator=\"#quick-finder-spinner\">\n    <span class=\"htmx-indicator\" id=\"quick-finder-spinner\" aria-hidden=\"true\" role=\"presentation\">\n        <svg class=\"spinner spinner--dark spinner--size-25\" viewBox=\"0 0 50 50\">\n    <circle class=\"spinner__path\" cx=\"25\" cy=\"25\" r=\"20\" fill=\"none\" stroke-width=\"5\"></circle>\n</svg>    </span>\n</div>\n<div id=\"quick-finder-results\" class=\"quick-finder__results-wrapper\" data-quick-finder-results=\"\">\n    <div class=\"mb-3\" data-quick-finder-results-header=\"\">\n            </div>\n\n    <ul class=\"quick-finder__results\" data-quick-finder-results-body=\"\">\n            </ul>\n</div></div>\n            </div>\n        </div>\n    </div>\n</div>        <button class=\"hamburger\" type=\"button\" aria-expanded=\"false\" aria-label=\"Toggle the main menu\" data-nav-toggle=\"\">\n    <span class=\"hamburger-box\">\n        <span class=\"hamburger-inner\"></span>\n    </span>\n</button>\n    <main class=\"main\" id=\"main\">\n                \n    <div class=\"racecard racecard--all\">\n        <div class=\"bg-red-gradient\">\n            <div class=\"container-xxl\">\n                <div class=\"racecard__top-panel\">\n                                        <div class=\"d-lg-flex align-items-start justify-content-between\">\n                        <h1 class=\"racecard__subheading order-lg-2 text-white\" id=\"nav\"><div class=\"text-nowrap\">20 Feb 2026</div>\n\n                            <div class=\"vr mx-1 text-white flex-shrink-0 d-none d-sm-block\"></div>\n\n                           &nbsp;<div class=\"racecard__racecourse-name fw-light\">Meydan</div></h1>\n                    </div>\n\n                                        <nav class=\"mt-3\">\n                        <ul class=\"racecard__races-nav-items\">\n                            <li class=\"racecard__races-nav-item\">\n                                <a class=\"racecard__races-nav-link is-active\" href=\"https://emiratesracing.com/racecard/2026-02-20/all/declarations#nav\">All</a>\n                            </li>\n\n                                                                                            \n                                <li class=\"racecard__races-nav-item\">\n                                    <a class=\"racecard__races-nav-link is-disabled\" href=\"https://emiratesracing.com/racecard/2026-02-20/1/entries#nav\"><span class=\"visually-hidden\">Race</span> 1</a>\n                                </li>\n                                                                                            \n                                <li class=\"racecard__races-nav-item\">\n                                    <a class=\"racecard__races-nav-link is-disabled\" href=\"https://emiratesracing.com/racecard/2026-02-20/2/entries#nav\"><span class=\"visually-hidden\">Race</span> 2</a>\n                                </li>\n                                                                                            \n                                <li class=\"racecard__races-nav-item\">\n                                    <a class=\"racecard__races-nav-link is-disabled\" href=\"https://emiratesracing.com/racecard/2026-02-20/3/entries#nav\"><span class=\"visually-hidden\">Race</span> 3</a>\n                                </li>\n                                                                                            \n                                <li class=\"racecard__races-nav-item\">\n                                    <a class=\"racecard__races-nav-link is-disabled\" href=\"https://emiratesracing.com/racecard/2026-02-20/4/entries#nav\"><span class=\"visually-hidden\">Race</span> 4</a>\n                                </li>\n                                                                                            \n                                <li class=\"racecard__races-nav-item\">\n                                    <a class=\"racecard__races-nav-link is-disabled\" href=\"https://emiratesracing.com/racecard/2026-02-20/5/entries#nav\"><span class=\"visually-hidden\">Race</span> 5</a>\n                                </li>\n                                                                                            \n                                <li class=\"racecard__races-nav-item\">\n                                    <a class=\"racecard__races-nav-link is-disabled\" href=\"https://emiratesracing.com/racecard/2026-02-20/6/entries#nav\"><span class=\"visually-hidden\">Race</span> 6</a>\n                                </li>\n                                                                                            \n                                <li class=\"racecard__races-nav-item\">\n                                    <a class=\"racecard__races-nav-link is-disabled\" href=\"https://emiratesracing.com/racecard/2026-02-20/7/entries#nav\"><span class=\"visually-hidden\">Race</span> 7</a>\n                                </li>\n                                                                                            \n                                <li class=\"racecard__races-nav-item\">\n                                    <a class=\"racecard__races-nav-link is-disabled\" href=\"https://emiratesracing.com/racecard/2026-02-20/8/entries#nav\"><span class=\"visually-hidden\">Race</span> 8</a>\n                                </li>\n                                                    </ul>\n                    </nav>\n                </div>\n            </div>\n        </div>\n\n        <div class=\"container-xxl pb-5\">\n            <div class=\"tabs-nav tabs-nav--stretch tabs-nav--negative-top mb-4\" data-module=\"racecard-tabs\" data-active-tab=\"tab-declarations\">\n                                <ul class=\"tabs-nav__items\" role=\"tablist\">\n                                        <li class=\"tabs-nav__tab w-md-third\" role=\"presentation\">\n                        <a class=\"tabs-nav__tab-link\" id=\"tab-entries\" href=\"#panel-entries\" role=\"tab\" aria-controls=\"panel-entries\" aria-selected=\"false\" aria-disabled=\"true\" data-tab=\"\" data-url-slug=\"entries\">Entries</a>\n                    </li>\n\n                                        <li class=\"tabs-nav__tab w-md-third\" role=\"presentation\">\n                        <a class=\"tabs-nav__tab-link is-active\" id=\"tab-declarations\" href=\"#panel-declarations\" role=\"tab\" aria-controls=\"panel-declarations\" aria-selected=\"true\" aria-disabled=\"true\" data-tab=\"\" data-url-slug=\"declarations\">\n                            <div class=\"d-flex flex-grow-1 justify-content-between align-items-center\">\n                                <span role=\"presentation\" class=\"d-md-none\">Decs</span>\n                                <span role=\"presentation\" class=\"d-none d-md-block\">Declarations</span>\n\n                                                            </div>\n                        </a>\n                    </li>\n\n                                        <li class=\"tabs-nav__tab w-md-third\" role=\"presentation\">\n                        <a class=\"tabs-nav__tab-link\" id=\"tab-results\" href=\"#panel-results\" role=\"tab\" aria-controls=\"panel-results\" aria-selected=\"false\" aria-disabled=\"true\" data-tab=\"\" data-url-slug=\"results\">Results</a>\n                    </li>\n                </ul>\n\n                                <div class=\"tabs-nav__panels\">\n                                        <div class=\"tabs-nav__panel\" id=\"panel-entries\" role=\"tabpanel\" aria-labelledby=\"tab-entries\" data-panel=\"\" data-src=\"racecard-entries-all?date=2026-02-20\" data-loaded=\"false\">\n                        <div class=\"text-center\">\n                            <div class=\"[ spinner-border ] [ mt-5 ]\" role=\"status\">\n                                <span class=\"visually-hidden\">Loading...</span>\n                            </div>\n                        </div>\n                    </div>\n\n                                        <div class=\"tabs-nav__panel is-active\" id=\"panel-declarations\" role=\"tabpanel\" aria-labelledby=\"tab-declarations\" data-panel=\"\" data-src=\"racecard-declarations-all?date=2026-02-20\" data-loaded=\"false\">\n                        <div class=\"text-center\">\n                            <div class=\"[ spinner-border ] [ mt-5 ]\" role=\"status\">\n                                <span class=\"visually-hidden\">Loading...</span>\n                            </div>\n                        </div>\n                    </div>\n\n                                        <div class=\"tabs-nav__panel\" id=\"panel-results\" role=\"tabpanel\" aria-labelledby=\"tab-results\" data-panel=\"\" data-src=\"racecard-results-all?date=2026-02-20\" data-loaded=\"false\">\n                        <div class=\"text-center\">\n                            <div class=\"[ spinner-border ] [ mt-5 ]\" role=\"status\">\n                                <span class=\"visually-hidden\">Loading...</span>\n                            </div>\n                        </div>\n                    </div>\n                </div>\n            </div>\n        </div>\n    </div>\n    </main>\n\n        \n<footer class=\"footer\">\n    <div class=\"footer__primary\">\n        <div class=\"container-xxl\">\n            <div class=\"footer__primary-inner\" role=\"navigation\">\n                <div class=\"w-100 d-lg-flex justify-content-between align-items-end\">\n                    <img class=\"footer__brand\" src=\"/assets/images/brand-white.svg?v=2\" alt=\"\" aria-hidden=\"true\" role=\"presentation\">\n\n                    <ul class=\"footer__nav\">\n                        \n                                                    <li class=\"footer__nav-item\">\n                                                                    <a class=\"footer__nav-link\" href=\"https://emiratesracing.com/\">Home</a>\n                                                            </li>\n                                                    <li class=\"footer__nav-item\">\n                                                                    <a class=\"footer__nav-link\" href=\"https://emiratesracing.com/about-us\">About us</a>\n                                                            </li>\n                                                    <li class=\"footer__nav-item\">\n                                                                    <a class=\"footer__nav-link\" href=\"https://emiratesracing.com/season-calendar\">Racing</a>\n                                                            </li>\n                                                    <li class=\"footer__nav-item\">\n                                                                    <a class=\"footer__nav-link\" href=\"https://emiratesracing.com/racecourses/meydan\">Racecourses</a>\n                                                            </li>\n                                                    <li class=\"footer__nav-item\">\n                                                                    <a class=\"footer__nav-link\" href=\"https://emiratesracing.com/news\">News</a>\n                                                            </li>\n                                                    <li class=\"footer__nav-item\">\n                                                                    <a class=\"footer__nav-link\" href=\"https://emiratesracing.com/industry\">Industry</a>\n                                                            </li>\n                                            </ul>\n                </div>\n\n                <a class=\"footer__contact-btn\" href=\"https://emiratesracing.com/contact\">Contact</a>\n            </div>\n        </div>\n    </div>\n    <div class=\"footer__secondary\">\n        <div class=\"container-xxl\">\n            <div class=\"d-md-flex justify-content-between\">\n                                <ul class=\"footer__logos\">\n                                            <li>\n                                                            <a href=\"https://www.dubairacingclub.com/\" aria-label=\"Dubai Racing Club\" target=\"_blank\" rel=\"noopener\">\n                                                            <img class=\"footer__logos-logo\" src=\"https://d2xuc5ucjmnf40.cloudfront.net/footer-logos/_footerLogo/dubai-racing-club.svg\" alt=\"Dubai Racing Club\">\n                                                            </a>\n                                                    </li>\n                                            <li>\n                                                            <a href=\"https://www.abudhabiturfclub.com/\" aria-label=\"Abu Dhabi Equestrian Club\" target=\"_blank\" rel=\"noopener\">\n                                                            <img class=\"footer__logos-logo\" src=\"https://d2xuc5ucjmnf40.cloudfront.net/footer-logos/_footerLogo/ADTC_Dual-logo-Monogram_Black_CMYK.png\" alt=\"Abu Dhabi Equestrian Club\">\n                                                            </a>\n                                                    </li>\n                                            <li>\n                                                            <a href=\"https://www.jarc.ae\" aria-label=\"Jebel Ali Racecourse\" target=\"_blank\" rel=\"noopener\">\n                                                            <img class=\"footer__logos-logo\" src=\"https://d2xuc5ucjmnf40.cloudfront.net/footer-logos/_footerLogo/NEWJARC_BlackLogotype.png\" alt=\"Jebel Ali Racecourse\">\n                                                            </a>\n                                                    </li>\n                                            <li>\n                                                            <img class=\"footer__logos-logo\" src=\"https://d2xuc5ucjmnf40.cloudfront.net/footer-logos/_footerLogo/Sharjah-Logo.png\" alt=\"Sharjah Racecourse\">\n                                                    </li>\n                                            <li>\n                                                            <img class=\"footer__logos-logo\" src=\"https://d2xuc5ucjmnf40.cloudfront.net/footer-logos/_footerLogo/ALAIN-Logo.png\" alt=\"Al Ain Racecourse\">\n                                                    </li>\n                                    </ul>\n\n                <div class=\"d-flex justify-content-between align-items-center gap-3 mt-3 mt-md-0\">\n                                        <ul class=\"footer__social-icons\">\n                                                    <li>\n                                <a class=\"footer__social-icon\" href=\"https://www.instagram.com/racing.era/\" target=\"_blank\" rel=\"noopener\" aria-label=\"Instagram\" title=\"Instagram\">\n                                    <svg xmlns=\"http://www.w3.org/2000/svg\" viewBox=\"0 0 55.82 55.82\"><path d=\"m27.87,55.82C12.46,55.8-.02,43.29,0,27.87.02,12.46,12.54-.02,27.95,0c15.42.02,27.89,12.54,27.87,27.95-.02,11.2-6.73,21.31-17.05,25.67-3.45,1.46-7.16,2.21-10.9,2.2Zm-.2-42.44h-2.09c-.61,0-1.38,0-2.1,0h0c-1.08,0-1.98,0-2.81.02-1.5-.04-2.98.27-4.33.91-2.07,1.03-3.36,3.16-3.32,5.47-.13,6.59-.13,11.62,0,16.31-.13,3.4,2.53,6.26,5.93,6.38.17,0,.33,0,.5,0,2.67.07,5.39.11,8.08.11s5.48-.04,8.21-.11c1.71.01,3.35-.63,4.59-1.8,1.17-1.22,1.82-2.86,1.81-4.55.14-5.41.14-10.88,0-16.25.02-1.69-.63-3.31-1.81-4.52-1.26-1.15-2.89-1.81-4.59-1.85-1.86-.11-2.46-.08-4.3-.12m-3.85,23.81h-.05c-2.45,0-4.79-.98-6.53-2.71-3.58-3.58-3.59-9.39,0-12.97,0,0,.02-.02.02-.02,1.73-1.73,4.08-2.7,6.53-2.69h.05c2.45,0,4.79.97,6.53,2.7,3.58,3.6,3.57,9.42-.03,13-1.73,1.72-4.07,2.69-6.51,2.68h0Zm0-14.91c-3.11,0-5.64,2.51-5.64,5.62,0,1.5.59,2.93,1.64,3.99,2.2,2.21,5.77,2.22,7.97.02,2.21-2.2,2.22-5.77.02-7.97-1.05-1.06-2.48-1.65-3.97-1.66h-.03Zm9.6-1.71h-.01c-1.18,0-2.14-.97-2.13-2.15,0-.56.23-1.1.62-1.5.41-.41.96-.63,1.54-.63h.02c1.17,0,2.12.96,2.14,2.13,0,.57-.22,1.11-.62,1.52-.41.41-.96.64-1.54.63h0Z\" style=\"fill:currentColor;\"></path></svg>                                </a>\n                            </li>\n                                                                            <li>\n                                <a class=\"footer__social-icon\" href=\"https://twitter.com/racingera\" target=\"_blank\" rel=\"noopener\" aria-label=\"Twitter\" title=\"Twitter\">\n                                    <svg xmlns=\"http://www.w3.org/2000/svg\" viewBox=\"0 0 448 448\"><polygon points=\"125.1 110.9 296.9 335.6 323.2 335.6 323.3 335.6 153.4 110.9 125.1 110.9\" style=\"fill:currentColor\"></polygon><path d=\"m448,239.61v-31.21C439.99,91.96,343.01,0,224.55,0S.55,100.29.55,224s100.29,224,224,224,215.44-91.96,223.45-208.39Zm-164.2,124.39l-74.8-97.9-85.7,97.9h-47.5l111-126.9L69.7,84h98l67.7,89.5,78.2-89.5h47.5l-103.8,118.6,122.1,161.4h-95.6Z\" style=\"fill:currentColor\"></path></svg>                                </a>\n                            </li>\n                                                                            <li>\n                                <a class=\"footer__social-icon\" href=\"https://www.facebook.com/RacingEra/\" target=\"_blank\" rel=\"noopener\" aria-label=\"Facebook\" title=\"Facebook\">\n                                    <svg xmlns=\"http://www.w3.org/2000/svg\" viewBox=\"0 0 55.92 55.89\"><path d=\"m32.5.37C22.48-1.11,13.94,1.9,7.09,9.37,3.11,13.71.67,19.24.13,25.11c-.04.35-.09.71-.13,1.07v3.5c.15,1.04.24,2.09.44,3.12,1.53,9.02,7.44,16.68,15.75,20.48,3.03,1.45,6.3,2.31,9.65,2.52.12.02.24.05.36.09h2.19c.02-.2.05-.39.05-.59v-21.18h-5.97v-6.98h5.97v-.7c.02-1.89-.06-3.79.08-5.67.22-3.09,1.5-5.63,4.41-7.03,1-.47,2.07-.77,3.17-.9,2.22-.17,4.46-.12,6.67.16v6.27h-.57c-1.26.01-2.52-.02-3.77.04-.13-.01-.26-.01-.39,0-1.41.13-2.45,1.36-2.33,2.77-.03,1.66,0,3.31,0,5.03h6.91l-.91,7.02h-5.99v20.66c1.8-.49,3.53-1.19,5.17-2.07,7.66-4.17,12.65-10.47,14.39-19.02,2.03-10.01-.73-18.74-8-25.93-3.99-4.01-9.18-6.61-14.78-7.4Z\" style=\"fill:currentColor;\"></path></svg>                                </a>\n                            </li>\n                                            </ul>\n\n                                        <address class=\"footer__address\">\n                        Emirates Racing Authority<br>\nPO Box 9452, Dubai, UAE\n                    </address>\n                </div>  \n            </div>\n\n            <hr class=\"text-black mt-2 mt-md-2 mb-2 mb-md-2\">\n\n            <div class=\"d-lg-flex justify-content-between\">\n                <ul class=\"[ footer__legal-links ] [ me-lg-5 ]\">\n                    \n                                            <li>\n                            <a class=\"footer__legal-link\" href=\"https://emiratesracing.com/terms-and-conditions\">Terms and conditions</a>\n                        </li>\n                                            <li>\n                            <a class=\"footer__legal-link\" href=\"https://emiratesracing.com/privacy-policy\">Privacy policy</a>\n                        </li>\n                                            <li>\n                            <a class=\"footer__legal-link\" href=\"https://emiratesracing.com/cookie-policy\">Cookie policy</a>\n                        </li>\n                                    </ul>\n\n                <div class=\"footer__legal\">\n                    Copyright © 2023 - 2026 Emirates Racing Authority. All Rights Reserved\n                </div>\n            </div>\n        </div>\n    </div>\n</footer>\n\n    \n    <script src=\"/assets/js/bundle.js?v=20260126134340\"></script>\n<script type=\"application/ld+json\">{\"@context\":\"https://schema.org\",\"@graph\":[{\"@type\":\"WebSite\",\"author\":{\"@id\":\"#identity\"},\"copyrightHolder\":{\"@id\":\"#identity\"},\"creator\":{\"@id\":\"#creator\"},\"image\":{\"@type\":\"ImageObject\",\"url\":\"https://d2xuc5ucjmnf40.cloudfront.net/general/_1200x630_crop_center-center_82_none_ns/seo-default.png?mtime=1729259390\"},\"mainEntityOfPage\":\"https://emiratesracing.com/racecard/2026-02-20/all/declarations\",\"name\":\"20 Feb 2026 - Meydan\",\"url\":\"https://emiratesracing.com/racecard/2026-02-20/all/declarations\"},{\"@id\":\"#identity\",\"@type\":\"LocalBusiness\",\"priceRange\":\"$\",\"sameAs\":[\"https://twitter.com/racingera\",\"https://www.facebook.com/RacingEra/\",\"https://www.instagram.com/racing.era/\"]},{\"@id\":\"#creator\",\"@type\":\"Organization\"},{\"@type\":\"BreadcrumbList\",\"description\":\"Breadcrumbs list\",\"itemListElement\":[{\"@type\":\"ListItem\",\"item\":\"https://emiratesracing.com/\",\"name\":\"Home\",\"position\":1}],\"name\":\"Breadcrumbs\"}]}</script><script src=\"https://emiratesracing.com/cpresources/dc666775/htmx.min.js?v=1769077015\"></script>\n</body></html>",
    "metadata": {
      "lang": "en",
      "og:image": "https://d2xuc5ucjmnf40.cloudfront.net/general/_1200x630_crop_center-center_82_none_ns/seo-default.png?mtime=1729259390",
      "og:image:height": "630",
      "og:image:width": "1200",
      "og:locale": "en_GB",
      "og:see_also": [
        "https://www.instagram.com/racing.era/",
        "https://www.facebook.com/RacingEra/",
        "https://twitter.com/racingera"
      ],
      "og:site_name": "Emirates Racing Authority",
      "og:title": "20 Feb 2026 - Meydan",
      "og:type": "website",
      "og:url": "https://emiratesracing.com/racecard/2026-02-20/all/declarations",
      "referrer": "no-referrer-when-downgrade",
      "robots": "all",
      "twitter:card": "summary",
      "twitter:creator": "@",
      "twitter:image": "https://d2xuc5ucjmnf40.cloudfront.net/general/_800x800_crop_center-center_82_none_ns/seo-default.png?mtime=1729259390",
      "twitter:image:height": "650",
      "twitter:image:width": "650",
      "twitter:title": "20 Feb 2026 - Meydan",
      "viewport": "width=device-width, initial-scale=1.0"
    },
    "title": "20 Feb 2026 - Meydan",
    "url": "https://emiratesracing.com/racecard/2026-02-20/all/declarations",
    "usage": {
      "tokens": 12541
    }
  },
  "meta": {
    "usage": {
      "tokens": 12541
    }
  },
  "status": 20000
}