[
  {
    "url": "https://emiratesracing.com/racecourses/sharjah",
    "name": "Sharjah",
    "snippet": "About Sharjah Longines Racecourse . Originally costructed in 1982 under the supervision of His Excellency Sheikh Abdulla bin Majid Al Qasimi. The first race ...",
    "host_name": "emiratesracing.com",
    "rank": 0,
    "date": "",
    "favicon": ""
  },
  {
    "url": "https://www.bayut.com/mybayut/sharjah-equestrian-horse-racing-club",
    "name": "Sharjah Equestrian and Horse Racing Club (SERC)",
    "snippet": "Sharjah Longines Racecourse holds major events throughout the year from November to April. The racetrack hosts six races per season. To provide better services ...",
    "host_name": "www.bayut.com",
    "rank": 1,
    "date": "",
    "favicon": ""
  },
  {
    "url": "https://results.hippodata.de/2025/2554/docs/19-20_Sharjah_outdoor_February_2025.pdf",
    "name": "Sharjah Equestrian and Racing Club",
    "snippet": "Sharjah Equestrian and Racing Club. 19-20. CSI YH. FEI Group VII Final - Young Horses 6-7 YO. 10. 15. 20. 25. 30. 35. 40. 45. 50. 55. 60. 70. 65. 80. 75. 90. 85.",
    "host_name": "results.hippodata.de",
    "rank": 2,
    "date": "",
    "favicon": ""
  },
  {
    "url": "https://www.racingandsports.com.au/horse-racing-results/united-arab-emirates/sharjah/2026-01-25",
    "name": "Sharjah Race Results For Sunday 25, January 2026",
    "snippet": "Jan 25, 2026 — Sharjah results ,Sunday 25, January 2026 and race results for United Arab Emirates. Find out more horse racing results for Sharjah racecourse.",
    "host_name": "www.racingandsports.com.au",
    "rank": 3,
    "date": "",
    "favicon": ""
  },
  {
    "url": "https://zodiacgallop.com/blog/best-horse-race-tracks-in-uae",
    "name": "The 5 Best Horse Race Tracks in UAE (2025)",
    "snippet": "Sep 22, 2025 — Dirt track: 1,750 m . Spanning 620 hectares with a 1.6 km-long grandstand seating 60,000+. Includes The Meydan Hotel, museum, art gallery, golf ...",
    "host_name": "zodiacgallop.com",
    "rank": 4,
    "date": "",
    "favicon": ""
  },
  {
    "url": "https://gulfnews.com/sport/horse-racing/awesome-action-on-the-cards-1.264974",
    "name": "Awesome action on the cards",
    "snippet": "Nov 9, 2006 — Right-handed horseshoe shaped track of 2200 metres (racing distance ) with a 900 metre run into the finish. It has a 1400 metre straight course.",
    "host_name": "gulfnews.com",
    "rank": 5,
    "date": "",
    "favicon": ""
  },
  {
    "url": "https://www.sahracing.com/index/contents/news/21221",
    "name": "Al Ain Racecourse Makes UAE Racing History",
    "snippet": "Jan 30, 2014 — The new facility boasts a 2500m circumference track making it the largest in the UAE ... The feature , a Dh120,000 1600m Conditions race , has ...",
    "host_name": "www.sahracing.com",
    "rank": 6,
    "date": "",
    "favicon": ""
  },
  {
    "url": "https://results.hippodata.de/2025/2554/docs/18_Sharjah_outdoor_February_2025.pdf",
    "name": "Sharjah Equestrian and Racing Club - Results",
    "snippet": "Sharjah Equestrian and Racing Club. 18. Table: A. FEI RG / Art. 238.2.2. Height: 1,30 m. Speed: 350 m/min. Length: 450 m. Time allowed: 78 sec. Time limit: 156 ...",
    "host_name": "results.hippodata.de",
    "rank": 7,
    "date": "",
    "favicon": ""
  },
  {
    "url": "https://www.facebook.com/groups/693693612404930/posts/1339074914533460",
    "name": "Dubai world cup horse racing event",
    "snippet": "It has a 2,400 m left-handed turf race track and a left-handed 8.75- furlong (1,750 m) dirt [2] course. It operates from November through March ...",
    "host_name": "www.facebook.com",
    "rank": 8,
    "date": "",
    "favicon": ""
  },
  {
    "url": "https://en.wikipedia.org/wiki/Dubai_Turf",
    "name": "Dubai Turf",
    "snippet": "The Dubai Turf is a Group 1 flat horse race in the United Arab Emirates for four-year-old and above thoroughbreds run over a distance of 1,800 metres (1 ...",
    "host_name": "en.wikipedia.org",
    "rank": 9,
    "date": "",
    "favicon": ""
  }
]