[
  {
    "url": "https://en.wikipedia.org/wiki/Abu_Dhabi_Championship",
    "name": "Abu Dhabi Championship - Wikipedia",
    "snippet": "The Abu Dhabi Championship, is a horse race for horses aged four and over, run at a distance of 2,200 metres (eleven furlongs) on turf in March at Abu Dhabi ...",
    "host_name": "en.wikipedia.org",
    "rank": 0,
    "date": "",
    "favicon": ""
  },
  {
    "url": "https://almayauae.com/abu-dhabi-equestrian-club",
    "name": "Abu Dhabi Equestrian Club - Al Maya Island Resort",
    "snippet": "The course, with its right-handed grass track of 2000 meters and chutes for both 1000 and 1600-meter races, is a testament to the sport's enduring popularity.",
    "host_name": "almayauae.com",
    "rank": 1,
    "date": "",
    "favicon": ""
  },
  {
    "url": "https://emiratesracing.com/racecourses/abu-dhabi-turf-club",
    "name": "Abu Dhabi Turf Club | Emirates Racing Authority",
    "snippet": "Track specifications. Turf. Right handed. Oval Distance: 2000m (9.9f). Chute: 1000m / 1600m. Distance from final turn to finish line: 400m (2f). Contact. Abu ... Missing: characteristics surface",
    "host_name": "emiratesracing.com",
    "rank": 2,
    "date": "",
    "favicon": ""
  },
  {
    "url": "https://dubairacingclub.com/horsemen",
    "name": "Horsemen | Resources & Information | Dubai Racing Club",
    "snippet": "We have two tracks that are available to train on – the main track that has a dirt surface and the training track that has a tapeta and turf surface as well as ...",
    "host_name": "dubairacingclub.com",
    "rank": 3,
    "date": "",
    "favicon": ""
  },
  {
    "url": "https://racinglifedubai.com/horse-racing-in-the-uae",
    "name": "Horse Racing in the UAE: Inside Dubai's Racing Culture - Racing",
    "snippet": "Horse racing in the UAE blends heritage, prestige, and vision. See how elite racing syndicates are redefining ownership in the Emirates.",
    "host_name": "racinglifedubai.com",
    "rank": 4,
    "date": "",
    "favicon": ""
  },
  {
    "url": "https://zodiacgallop.com/blog/horse-racing-in-dubai-guide",
    "name": "Horse Racing in Dubai – The Ultimate Guide for Horse Owners",
    "snippet": "Particularly, it involved both a 1,750m dirt track and a 2,400m turf track, which made it perfect for world-class competitions. Meydan, ...",
    "host_name": "zodiacgallop.com",
    "rank": 5,
    "date": "",
    "favicon": ""
  },
  {
    "url": "https://adec.ae/wp-content/uploads/2024/11/ADTC-Race-Book-10.pdf",
    "name": "[PDF] ADTC Race Book 9 - Abu Dhabi Equestrian Club",
    "snippet": "Last 4 performances. Date of race. Course name (track type). AW = All Weather. D = Dirt. T = Turf. Distance of Race. Jockey. Weight of horse. RT ...",
    "host_name": "adec.ae",
    "rank": 6,
    "date": "",
    "favicon": ""
  },
  {
    "url": "https://www.bloodhorse.com/horse-racing/articles/288954/uae-president-cup-displays-abu-dhabis-global-growth",
    "name": "UAE President Cup Displays Abu Dhabi's Global Growth - BloodHorse",
    "snippet": "In the UAE, five racetracks offer unique racing opportunities for horses through different designs and surfaces. Mihaloff noted that the ...",
    "host_name": "www.bloodhorse.com",
    "rank": 7,
    "date": "",
    "favicon": ""
  },
  {
    "url": "https://uaeerf.ae/en/Racing",
    "name": "FLAT RACING",
    "snippet": "Flat racing is a form of horse racing which is run on a level racecourse. It is run over a predetermined distance from 2 furlongs (402 m) up to 3 miles (4,828 m) ... Missing: characteristics | Show results with: characteristics",
    "host_name": "uaeerf.ae",
    "rank": 8,
    "date": "",
    "favicon": ""
  },
  {
    "url": "https://www.ttrausnz.com.au/edition/2025-12-06/arabian-glory-and-a-thoroughbred-tease-light-up-abu-dhabi",
    "name": "Arabian glory and a Thoroughbred tease light up Abu Dhabi",
    "snippet": "On Saturday December 6, the 33rd UAE President Cup for Arabian Purebred Horses headlines a strong card of racing. The Group 1 2200-metre feature ...",
    "host_name": "www.ttrausnz.com.au",
    "rank": 9,
    "date": "",
    "favicon": ""
  }
]