[
  {
    "url": "https://emiratesracing.com/racecourses/sharjah",
    "name": "Sharjah | Emirates Racing Authority",
    "snippet": "About Sharjah Longines Racecourse. Originally costructed in 1982 under the ... Track specifications. Dirt. Left handed. Oval Distance: 1450m (7.2f). Chute ... Missing: sand meters",
    "host_name": "emiratesracing.com",
    "rank": 0,
    "date": "",
    "favicon": ""
  },
  {
    "url": "https://cdn.australianturfclub.com.au/app/uploads/2022/06/2022_WEB_Download_ATC-Tracks.pdf",
    "name": "[PDF] TRACK SPECIFICATIONS - Australian Turf Club",
    "snippet": "Steeple track (grass) – 1800m x 19m. Polytrack – 1942m x 13m. Sand track – 1440m x 6.5m. Inside track (metal & ashes) – 1081m x 11m. ROSEHILL. GARDENS. COURSE ... Missing: Sharjah Longines dirt",
    "host_name": "cdn.australianturfclub.com.au",
    "rank": 1,
    "date": "",
    "favicon": ""
  },
  {
    "url": "https://www.serc.ae/en",
    "name": "SHARJAH EQUESTRIAN RACING CLUB",
    "snippet": "The Sharjah Racetrack, constructed to global specifications, was used to organize the first official flat race in UAE in 1983. With the continuous support and ... Missing: dirt sand circumference meters",
    "host_name": "www.serc.ae",
    "rank": 2,
    "date": "",
    "favicon": ""
  },
  {
    "url": "https://www.uaeerf.ae/en/Content/download%3Fride%3D%26code%3D1%26ID%3D0004843",
    "name": "[PDF] Sharjah (UAE) SCHEDULE",
    "snippet": "... course length of 400 meters with a minimum speed of 375m/min. At least three of the following five obstacles must be included in the course:.",
    "host_name": "www.uaeerf.ae",
    "rank": 3,
    "date": "",
    "favicon": ""
  },
  {
    "url": "http://www.google.com/url?esrc=s&q=&rct=j&sa=U&url=http://media.britishhorseracing.com/bha/licensing/Racecourses/Track_Design.pdf&ved=2ahUKEwiFn6275dqSAxWjGVkFHTXXKpQQFnoECA4QAg&usg=AOvVaw3UDnU-7c2vj6uWMiMVJkKZ",
    "name": "[PDF] Track_Design.pdf - | British Horseracing Authority",
    "snippet": "Whilst the entire Racecourse Manual is available to download, the extracts below focus on actual track specification, which any Racecourse Executive needs to. Missing: Sharjah Longines",
    "host_name": "www.google.com",
    "rank": 4,
    "date": "",
    "favicon": ""
  },
  {
    "url": "https://en.wikipedia.org/wiki/Track_surface",
    "name": "Track surface - Wikipedia",
    "snippet": "The track surface of a horse racing track refers to the material of which the track is made. There are three types of track surfaces used in modern horse ... Missing: Sharjah Longines specifications circumference meters",
    "host_name": "en.wikipedia.org",
    "rank": 5,
    "date": "",
    "favicon": ""
  },
  {
    "url": "https://www.amwager.com/track-surface-dirt-turf-synthetic-or-artificial",
    "name": "Types of Horse Racetrack Surfaces and Conditions | AmWager",
    "snippet": "It is normally composed of clay, sand, and soil. Advantages. Dirt tracks are cheaper than artificial surface and maintaining grass or turf tracks. Missing: Sharjah Longines specifications circumference meters",
    "host_name": "www.amwager.com",
    "rank": 6,
    "date": "",
    "favicon": ""
  },
  {
    "url": "https://www.thespectrum.com/story/sports/2018/12/09/breakdown-different-horse-racing-track-surfaces/2206510002",
    "name": "A breakdown of different horse racing track surfaces",
    "snippet": "There are three main types: polytrack, tapeta and cushion. Polytrack is made out of silica sand and fibers made of recycled carpet, spandex and ... Missing: Sharjah Longines specifications circumference meters",
    "host_name": "www.thespectrum.com",
    "rank": 7,
    "date": "",
    "favicon": ""
  },
  {
    "url": "https://emiratesracing.com/racecard/2025-01-12/4/results",
    "name": "Sharjah Marathon - Longines Conquest Race",
    "snippet": "Commenced awkwardly. Passing the 800 metres had to be steadied when tightened for room. Near the 600 metres had to shift outwards abruptly ... Missing: specifications | Show results with: specifications",
    "host_name": "emiratesracing.com",
    "rank": 8,
    "date": "",
    "favicon": ""
  },
  {
    "url": "https://equinedge.com/glossary/distances-track-types/dirt",
    "name": "What are Dirt Tracks in Horse Racing? - EquinEdge",
    "snippet": "Dirt tracks in horse racing are courses composed primarily of soil and sand, providing a natural, often fast-running surface. Missing: Sharjah Longines specifications circumference",
    "host_name": "equinedge.com",
    "rank": 9,
    "date": "",
    "favicon": ""
  }
]