[
  {
    "url": "https://www.sahracing.com/index/contents/news/21221",
    "name": "Al Ain Racecourse Makes UAE Racing History - SAHorseracing.COM",
    "snippet": "The new facility boasts a 2500m circumference track making it the largest in the UAE and is described as a mixture of sand and fibre by Al Ain ...",
    "host_name": "www.sahracing.com",
    "rank": 0,
    "date": "",
    "favicon": ""
  },
  {
    "url": "https://zodiacgallop.com/blog/horse-racing-in-dubai-guide",
    "name": "Horse Racing in Dubai – The Ultimate Guide for Horse Owners",
    "snippet": "Particularly, it involved both a 1,750m dirt track and a 2,400m turf track, which made it perfect for world-class competitions. Meydan, ...",
    "host_name": "zodiacgallop.com",
    "rank": 1,
    "date": "",
    "favicon": ""
  },
  {
    "url": "https://paulickreport.com/news/the-biz/uae-al-ain-racecourse-to-stage-first-race-meet-friday",
    "name": "UAE: Al Ain Racecourse to Stage First Race Meet Friday",
    "snippet": "The new facility boasts a 2500m circumference track making it the largest in the UAE and is described as a mixture of sand and fibre by Al Ain ... Missing: distance | Show results with: distance",
    "host_name": "paulickreport.com",
    "rank": 2,
    "date": "",
    "favicon": ""
  },
  {
    "url": "https://www.attheraces.com/course-guides/AL%2520AIN",
    "name": "Al Ain Course Guide - At The Races",
    "snippet": "Text information will be located here about the racecourse, its history, the type of racing it hosts, and any notable features or characteristics test ... Missing: surface distance",
    "host_name": "www.attheraces.com",
    "rank": 3,
    "date": "",
    "favicon": ""
  },
  {
    "url": "https://www.alainraceway.com/open-race.html",
    "name": "Open Races - Al Ain Raceway",
    "snippet": "The 900 metre Club Circuit comprises 14 corners including a technical “bus stop” chicane to test driver's skills to the limit. International Circuit. Missing: surface distance",
    "host_name": "www.alainraceway.com",
    "rank": 4,
    "date": "",
    "favicon": ""
  },
  {
    "url": "https://gulfnews.com/sport/horse-racing/al-yawazi-favourite-in-feature-event-at-al-ain-1.1687441",
    "name": "Al Yawazi favourite in feature event at Al Ain - Gulf News",
    "snippet": "Al Ain: The 1600m Shadwell Handicap for Purebred Arabian fillies and mares offering a purse of Dh80,000 will be the feature event on a seven ...",
    "host_name": "gulfnews.com",
    "rank": 5,
    "date": "",
    "favicon": ""
  },
  {
    "url": "https://zodiacgallop.com/blog/best-horse-race-tracks-in-uae",
    "name": "The 5 Best Horse Race Tracks in UAE (2025): A Complete Guide",
    "snippet": "Dirt track: 1,750 m. Spanning 620 hectares with a 1.6 km-long grandstand seating 60,000+. Includes The Meydan Hotel, museum, art gallery, golf ... Missing: distance | Show results with: distance",
    "host_name": "zodiacgallop.com",
    "rank": 6,
    "date": "",
    "favicon": ""
  },
  {
    "url": "https://www.facebook.com/AlAinRacecourse",
    "name": "Al Ain Racecourse - Facebook",
    "snippet": "The UAE's newest racecourse, situated in the Garden City. Our season runs from November until March",
    "host_name": "www.facebook.com",
    "rank": 7,
    "date": "",
    "favicon": ""
  },
  {
    "url": "https://en.wikipedia.org/wiki/Dubai_Sheema_Classic",
    "name": "Dubai Sheema Classic - Wikipedia",
    "snippet": "It is run over a distance of 2,400 metres (approximately 1+1⁄2 miles; 2410 metres since 2010) on the turf track at Meydan Racecourse, Dubai, and it takes place ...",
    "host_name": "en.wikipedia.org",
    "rank": 8,
    "date": "",
    "favicon": ""
  },
  {
    "url": "https://emiratesracing.com/racecourses/al-ain",
    "name": "Al Ain | Emirates Racing Authority",
    "snippet": "Al Ain Racecourse boosts the largest racetrack in the UAE at 2500m. The surface is a natural sand/dirt track. Missing: characteristics | Show results with: characteristics",
    "host_name": "emiratesracing.com",
    "rank": 9,
    "date": "",
    "favicon": ""
  }
]