[
  {
    "url": "https://www.bayut.com/mybayut/jebel-ali-racecourse-dubai",
    "name": "Jebel Ali Racecourse in Dubai: Events, Tickets, Location &",
    "snippet": "The right-handed horseshoe-shaped course has a racing distance of 2,200 metres and a 900-metre run to the finish line. The surface of the track is made of sand ...",
    "host_name": "www.bayut.com",
    "rank": 0,
    "date": "",
    "favicon": ""
  },
  {
    "url": "https://emiratesracing.com/racecourses/jebel-ali",
    "name": "Jebel Ali | Emirates Racing Authority",
    "snippet": "Oval Distance: 2200m (10.9f). Chute: 1400m / 2200m. Distance from final turn to finish line: 900m (4.4f). Contact. Jebel Ali Racecourse. PO Box 53135. Dubai - ... Missing: characteristics surface\nOval Distance: 2200m (10.9f). Chute: 1400m / 2200m. Distance from final turn to finish line: 900m (4.4f). Contact. Jebel Ali Racecourse. PO Box 53135. Dubai - ... Missing: characteristics | Show results with: characteristics",
    "host_name": "emiratesracing.com",
    "rank": 1,
    "date": "",
    "favicon": ""
  },
  {
    "url": "https://en.wikipedia.org/wiki/Jebel_Ali_Mile",
    "name": "Jebel Ali Mile",
    "snippet": "The Jebel Ali Mile, is a horse race for horses aged four and over, run at a distance of 1,600 metres (one mile) on dirt in January at Jebel Ali Racecourse ... Missing: characteristics | Show results with: characteristics",
    "host_name": "en.wikipedia.org",
    "rank": 2,
    "date": "",
    "favicon": ""
  },
  {
    "url": "https://www.selangorturfclub.com/horse-racing/international-race/international-race-card/jebel-ali-uae",
    "name": "Jebel Ali @ United Arab Emirates (UAE) - Selangor Turf Club",
    "snippet": "JARC has a track of 2200 metres, with a 900-metre run into the finish line, and it has a 1400-metre straight course. In the last 200 metres on the track, it has ... Missing: distance | Show results with: distance",
    "host_name": "www.selangorturfclub.com",
    "rank": 3,
    "date": "",
    "favicon": ""
  },
  {
    "url": "https://tipmeerkat.com/horse-racing-tips-picks/jebel-ali",
    "name": "Jebel Ali Racecourse Tips & Picks",
    "snippet": "The left-handed turf track is approximately 2200m in circumference with a home straight of 900m. Known for its family-friendly atmosphere, the racecourse ...",
    "host_name": "tipmeerkat.com",
    "rank": 4,
    "date": "",
    "favicon": ""
  },
  {
    "url": "https://www.facebook.com/Magturf/posts/race-3-jebel-ali-portthoroughbred-handicap-75-95-for-3yo-1400m-turf-aed-190000/1474018857423291",
    "name": "Race 3 - Jebel Ali Port Thoroughbred • HANDICAP (75-95) • For 3YO+",
    "snippet": "Race 3 - Jebel Ali Port Thoroughbred • HANDICAP (75-95) • For 3YO+ • 1400m • TURF • AED 190000.",
    "host_name": "www.facebook.com",
    "rank": 5,
    "date": "",
    "favicon": ""
  },
  {
    "url": "https://www.thrillophilia.com/attractions/jebel-ali-racecourse",
    "name": "Jebel Ali Racecourse, Dubai: How To Reach, Best Time &",
    "snippet": "It houses a 1400 meter long straight course also. With a mixed surface of sand and oil, this racecourse is quite popular for its steep European style finish.\nIt houses a 1400 meter long straight course also. With a mixed surface of sand and oil, this racecourse is quite popular for its steep European style finish. Missing: characteristics | Show results with: characteristics",
    "host_name": "www.thrillophilia.com",
    "rank": 6,
    "date": "",
    "favicon": ""
  },
  {
    "url": "https://www.khaleejtimes.com/sports/horse-racing/jebel-ali-racecourse-marks-finale-of-a-landmark-year-with-showcase-of-top-class-racing",
    "name": "Jebel Ali Racing Finale: Top-Class Horses Compete in Landmark Year",
    "snippet": "The track surface is built from local desert sand that's mixed with recycled engine oil sourced from shipyards in the region.",
    "host_name": "www.khaleejtimes.com",
    "rank": 7,
    "date": "",
    "favicon": ""
  },
  {
    "url": "https://x.com/JebelAliRC",
    "name": "Jebel Ali Racecourse (@JebelAliRC) / Posts / X",
    "snippet": "The right-handed horseshoe-shaped course has a racing distance of 2,200 metres and a 900-metre run to the finish line. The surface of the track is made of sand ...",
    "host_name": "x.com",
    "rank": 8,
    "date": "",
    "favicon": ""
  },
  {
    "url": "https://en.wikipedia.org/wiki/Jebel_Ali_Racecourse",
    "name": "Jebel Ali Racecourse - Wikipedia",
    "snippet": "The course features a steep uphill finish. The track surface is composed of sand and oil. Jebel Ali Racecourse has been described as \"cramped and appealingly ... Missing: distance | Show results with: distance",
    "host_name": "en.wikipedia.org",
    "rank": 9,
    "date": "",
    "favicon": ""
  }
]