[
  {
    "url": "https://emiratesracing.com/racecourses/meydan",
    "name": "Meydan",
    "snippet": "Tracks : 1750m (8.75 furlongs) Dirt surface and 2400m (12 furlongs) Turf tracks . Other features surrounding the Grandstand include: Facilities include world- ...",
    "host_name": "emiratesracing.com",
    "rank": 0,
    "date": "",
    "favicon": ""
  },
  {
    "url": "https://racinglifedubai.com/meydan-racecourse-dubai-racing-life-dubai",
    "name": "Meydan Racecourse Dubai: From Vision to Global Stage",
    "snippet": "The grandstand seats around 60,000. Meydan has both a turf track and a dirt track, each over 2,400 metres in circumference . And each March, Dubai World Cup ...",
    "host_name": "racinglifedubai.com",
    "rank": 1,
    "date": "",
    "favicon": ""
  },
  {
    "url": "https://meydanracing.com/guides/going-what-does-it-mean",
    "name": "Going Track Conditions & How They Impact Racing",
    "snippet": "Oct 31, 2025 — Meydan's dirt is deeper and sand-based, producing more kickback than many US tracks . Horses need power, balance, and experience with similar ...",
    "host_name": "meydanracing.com",
    "rank": 2,
    "date": "",
    "favicon": ""
  },
  {
    "url": "https://grokipedia.com/page/uae_oaks",
    "name": "UAE Oaks",
    "snippet": "Meydan's dirt course is a left-handed oval measuring 1750 meters , with a width of approximately 25 meters, 5.5% banking on the turns, and 1.5% on the ...",
    "host_name": "grokipedia.com",
    "rank": 3,
    "date": "",
    "favicon": ""
  },
  {
    "url": "https://en.wikipedia.org/wiki/Meydan_Racecourse",
    "name": "Meydan Racecourse",
    "snippet": "Meydan Racecourse is a racecourse in Dubai , United Arab Emirates . The grandstand is a half mile in length, and can accommodate over 60,000 spectators.",
    "host_name": "en.wikipedia.org",
    "rank": 4,
    "date": "",
    "favicon": ""
  },
  {
    "url": "https://racing.hkjc.com/racing/overseas/english/20230304/S2/8/track-analysis.aspx",
    "name": "Meydan Racecourse – Track Analysis (Dubai Super Saturday)",
    "snippet": "The dirt track is 1750m in circumference and approximately 25m in width , with a home straight of 400m. The chute which is located on the back straight and links ...",
    "host_name": "racing.hkjc.com",
    "rank": 5,
    "date": "",
    "favicon": ""
  },
  {
    "url": "https://www.twinspires.com/dubai-world-cup",
    "name": "Dubai World Cup",
    "snippet": "The turf track covers a distance of 2,400 meters, while the dirt track is 1,750 meters. Location: Meydan Racecourse , Dubai , UAE . Main track (dirt): 3 chutes.",
    "host_name": "www.twinspires.com",
    "rank": 6,
    "date": "",
    "favicon": ""
  },
  {
    "url": "https://www.thejockeyclub.co.uk/the-racing/dubai-racing-club/all-you-need-to-know-about-dubai-racing-club",
    "name": "All you need to know about Dubai Racing Club",
    "snippet": "What surfaces do horses run on? There are two surfaces at Meydan ; dirt and turf. The current dirt surface was introduced to replicate those used in America to ...",
    "host_name": "www.thejockeyclub.co.uk",
    "rank": 7,
    "date": "",
    "favicon": ""
  },
  {
    "url": "https://intl.musco.com/we/meydan-racecourse",
    "name": "Meydan Racecourse | Musco Lighting Europe LTD",
    "snippet": "Dubai Racing Club's Meydan Racecourse is the world's largest integrated horseracing facility, featuring a 1,750 m dirt surface and a 2,400 m turf course.",
    "host_name": "intl.musco.com",
    "rank": 8,
    "date": "",
    "favicon": ""
  },
  {
    "url": "https://gulfnews.com/sport/horse-racing/meydan-race-course-construction-on-track-1.553897",
    "name": "Meydan race course construction on track - Dubai",
    "snippet": "Jul 22, 2019 — Meydan racecourse opens doors to media to offer a tour of what the future of UAE horse racing will look like.",
    "host_name": "gulfnews.com",
    "rank": 9,
    "date": "",
    "favicon": ""
  }
]