{
  "success": true,
  "track": "meydan",
  "date": "2026-02-18",
  "total_races": 7,
  "races": [
    {
      "race_number": 1,
      "race_name": "Race 1",
      "race_time": "14:30",
      "distance": 1600,
      "surface": "Tapeta",
      "going": "Good",
      "predictions": [
        {
          "number": 3,
          "name": "Ocean Breeze 3",
          "draw": 3,
          "jockey": "C. Soumillon",
          "trainer": "Michael Costa",
          "rating": 82,
          "weight": 56,
          "form": "12434",
          "power_score": 72,
          "win_probability": 15.8,
          "value_rating": "⭐",
          "strengths": [],
          "concerns": []
        },
        {
          "number": 4,
          "name": "Golden Arrow 4",
          "draw": 3,
          "jockey": "Mickael Barzalona",
          "trainer": "A. O'Brien",
          "rating": 100,
          "weight": 58,
          "form": "20003",
          "power_score": 72,
          "win_probability": 15.8,
          "value_rating": "⭐",
          "strengths": [],
          "concerns": []
        },
        {
          "number": 2,
          "name": "Storm Chaser 2",
          "draw": 5,
          "jockey": "C. Soumillon",
          "trainer": "Doug Watson",
          "rating": 67,
          "weight": 62,
          "form": "02121",
          "power_score": 68,
          "win_probability": 14.9,
          "value_rating": "⭐",
          "strengths": [],
          "concerns": []
        },
        {
          "number": 6,
          "name": "Dubai Star 6",
          "draw": 2,
          "jockey": "Tadhg O'Shea",
          "trainer": "A. O'Brien",
          "rating": 91,
          "weight": 58,
          "form": "2-442",
          "power_score": 68,
          "win_probability": 14.9,
          "value_rating": "⭐",
          "strengths": [],
          "concerns": []
        },
        {
          "number": 1,
          "name": "Lucky Star",
          "draw": 5,
          "jockey": "Connor Beasley",
          "trainer": "I. Al Rashdi",
          "rating": 85,
          "weight": 61,
          "form": "4200-",
          "power_score": 61,
          "win_probability": 13.4,
          "value_rating": "⭐",
          "strengths": [],
          "concerns": []
        }
      ],
      "analysis": "",
      "withdrawals": []
    },
    {
      "race_number": 2,
      "race_name": "Race 2",
      "race_time": "15:00",
      "distance": 2400,
      "surface": "Dirt",
      "going": "Firm",
      "predictions": [
        {
          "number": 8,
          "name": "Desert Rose 8",
          "draw": 7,
          "jockey": "R. Moore",
          "trainer": "D. Watson",
          "rating": 101,
          "weight": 52,
          "form": "-114-",
          "power_score": 76,
          "win_probability": 10.7,
          "value_rating": "−",
          "strengths": [],
          "concerns": []
        },
        {
          "number": 7,
          "name": "Desert Storm 7",
          "draw": 1,
          "jockey": "M. Johnson",
          "trainer": "Simon & Ed Crisford",
          "rating": 92,
          "weight": 55,
          "form": "23301",
          "power_score": 70,
          "win_probability": 9.9,
          "value_rating": "−",
          "strengths": [],
          "concerns": []
        },
        {
          "number": 1,
          "name": "Storm Chaser",
          "draw": 8,
          "jockey": "L. Dettori",
          "trainer": "Ahmad bin Harmash",
          "rating": 87,
          "weight": 61,
          "form": "10441",
          "power_score": 69,
          "win_probability": 9.7,
          "value_rating": "−",
          "strengths": [],
          "concerns": []
        },
        {
          "number": 2,
          "name": "Royal Crown 2",
          "draw": 2,
          "jockey": "J. Smith",
          "trainer": "Simon & Ed Crisford",
          "rating": 93,
          "weight": 61,
          "form": "2-4-1",
          "power_score": 69,
          "win_probability": 9.7,
          "value_rating": "−",
          "strengths": [],
          "concerns": []
        },
        {
          "number": 3,
          "name": "Arabian Knight 3",
          "draw": 11,
          "jockey": "Bernardo Pinheiro",
          "trainer": "W. Haggas",
          "rating": 84,
          "weight": 59,
          "form": "14011",
          "power_score": 67,
          "win_probability": 9.4,
          "value_rating": "−",
          "strengths": [],
          "concerns": []
        }
      ],
      "analysis": "",
      "withdrawals": []
    },
    {
      "race_number": 3,
      "race_name": "Race 3",
      "race_time": "16:30",
      "distance": 1600,
      "surface": "Dirt",
      "going": "Good",
      "predictions": [
        {
          "number": 3,
          "name": "Champion's Dream 3",
          "draw": 2,
          "jockey": "Connor Beasley",
          "trainer": "Simon & Ed Crisford",
          "rating": 99,
          "weight": 60,
          "form": "4134-",
          "power_score": 72,
          "win_probability": 12.2,
          "value_rating": "⭐",
          "strengths": [],
          "concerns": []
        },
        {
          "number": 4,
          "name": "Diamond King 4",
          "draw": 7,
          "jockey": "Ray Dawson",
          "trainer": "Doug Watson",
          "rating": 103,
          "weight": 55,
          "form": "12044",
          "power_score": 71,
          "win_probability": 12.1,
          "value_rating": "⭐",
          "strengths": [],
          "concerns": []
        },
        {
          "number": 7,
          "name": "Golden Arrow 7",
          "draw": 7,
          "jockey": "Ray Dawson",
          "trainer": "Doug Watson",
          "rating": 99,
          "weight": 52,
          "form": "34-43",
          "power_score": 67,
          "win_probability": 11.4,
          "value_rating": "−",
          "strengths": [],
          "concerns": []
        },
        {
          "number": 1,
          "name": "Phoenix Rising",
          "draw": 5,
          "jockey": "H. Doyle",
          "trainer": "S. bin Suroor",
          "rating": 56,
          "weight": 55,
          "form": "01432",
          "power_score": 66,
          "win_probability": 11.2,
          "value_rating": "−",
          "strengths": [],
          "concerns": []
        },
        {
          "number": 9,
          "name": "Mountain Peak 9",
          "draw": 8,
          "jockey": "James Doyle",
          "trainer": "Ahmad bin Harmash",
          "rating": 75,
          "weight": 59,
          "form": "-0113",
          "power_score": 66,
          "win_probability": 11.2,
          "value_rating": "−",
          "strengths": [],
          "concerns": []
        }
      ],
      "analysis": "",
      "withdrawals": []
    },
    {
      "race_number": 4,
      "race_name": "Race 4",
      "race_time": "17:00",
      "distance": 2000,
      "surface": "Turf",
      "going": "Firm",
      "predictions": [
        {
          "number": 1,
          "name": "Dubai Star",
          "draw": 2,
          "jockey": "C. Soumillon",
          "trainer": "A. O'Brien",
          "rating": 86,
          "weight": 55,
          "form": "1031-",
          "power_score": 77,
          "win_probability": 11.3,
          "value_rating": "−",
          "strengths": [],
          "concerns": []
        },
        {
          "number": 5,
          "name": "Diamond King 5",
          "draw": 3,
          "jockey": "Bernardo Pinheiro",
          "trainer": "Simon & Ed Crisford",
          "rating": 96,
          "weight": 55,
          "form": "411-4",
          "power_score": 74,
          "win_probability": 10.8,
          "value_rating": "−",
          "strengths": [],
          "concerns": []
        },
        {
          "number": 6,
          "name": "Night Rider 6",
          "draw": 6,
          "jockey": "Tadhg O'Shea",
          "trainer": "Michael Costa",
          "rating": 109,
          "weight": 52,
          "form": "43313",
          "power_score": 72,
          "win_probability": 10.5,
          "value_rating": "−",
          "strengths": [],
          "concerns": []
        },
        {
          "number": 3,
          "name": "Storm Chaser 3",
          "draw": 8,
          "jockey": "W. Buick",
          "trainer": "J. Gosden",
          "rating": 90,
          "weight": 60,
          "form": "031-1",
          "power_score": 71,
          "win_probability": 10.4,
          "value_rating": "−",
          "strengths": [],
          "concerns": []
        },
        {
          "number": 4,
          "name": "Mountain Peak 4",
          "draw": 2,
          "jockey": "H. Doyle",
          "trainer": "Fawzi Nass",
          "rating": 78,
          "weight": 59,
          "form": "32111",
          "power_score": 69,
          "win_probability": 10.1,
          "value_rating": "−",
          "strengths": [],
          "concerns": []
        }
      ],
      "analysis": "",
      "withdrawals": []
    },
    {
      "race_number": 5,
      "race_name": "Race 5",
      "race_time": "18:30",
      "distance": 1600,
      "surface": "Dirt",
      "going": "Standard",
      "predictions": [
        {
          "number": 1,
          "name": "Dubai Star",
          "draw": 1,
          "jockey": "R. Moore",
          "trainer": "A. O'Brien",
          "rating": 82,
          "weight": 53,
          "form": "02423",
          "power_score": 72,
          "win_probability": 15.5,
          "value_rating": "⭐",
          "strengths": [],
          "concerns": []
        },
        {
          "number": 2,
          "name": "Phoenix Rising 2",
          "draw": 3,
          "jockey": "R. Moore",
          "trainer": "J. Gosden",
          "rating": 92,
          "weight": 52,
          "form": "04-34",
          "power_score": 70,
          "win_probability": 15.1,
          "value_rating": "⭐",
          "strengths": [],
          "concerns": []
        },
        {
          "number": 6,
          "name": "Thunder Strike 6",
          "draw": 4,
          "jockey": "W. Buick",
          "trainer": "Ahmad bin Harmash",
          "rating": 83,
          "weight": 62,
          "form": "32042",
          "power_score": 69,
          "win_probability": 14.9,
          "value_rating": "⭐",
          "strengths": [],
          "concerns": []
        },
        {
          "number": 3,
          "name": "Silver Flash 3",
          "draw": 7,
          "jockey": "Tadhg O'Shea",
          "trainer": "M. Al Mheiri",
          "rating": 107,
          "weight": 55,
          "form": "1204-",
          "power_score": 68,
          "win_probability": 14.7,
          "value_rating": "⭐",
          "strengths": [],
          "concerns": []
        },
        {
          "number": 4,
          "name": "Royal Crown 4",
          "draw": 2,
          "jockey": "Adrie de Vries",
          "trainer": "I. Al Rashdi",
          "rating": 92,
          "weight": 57,
          "form": "-2301",
          "power_score": 65,
          "win_probability": 14.0,
          "value_rating": "⭐",
          "strengths": [],
          "concerns": []
        }
      ],
      "analysis": "",
      "withdrawals": []
    },
    {
      "race_number": 6,
      "race_name": "Race 6",
      "race_time": "19:00",
      "distance": 1400,
      "surface": "Turf",
      "going": "Soft",
      "predictions": [
        {
          "number": 8,
          "name": "Thunder Strike 8",
          "draw": 5,
          "jockey": "C. Soumillon",
          "trainer": "S. bin Suroor",
          "rating": 94,
          "weight": 59,
          "form": "--14-",
          "power_score": 72,
          "win_probability": 13.7,
          "value_rating": "⭐",
          "strengths": [],
          "concerns": []
        },
        {
          "number": 1,
          "name": "Royal Crown",
          "draw": 4,
          "jockey": "C. Soumillon",
          "trainer": "Fawzi Nass",
          "rating": 107,
          "weight": 60,
          "form": "4031-",
          "power_score": 71,
          "win_probability": 13.5,
          "value_rating": "⭐",
          "strengths": [],
          "concerns": []
        },
        {
          "number": 6,
          "name": "Lucky Star 6",
          "draw": 2,
          "jockey": "R. Moore",
          "trainer": "Fawzi Nass",
          "rating": 89,
          "weight": 57,
          "form": "12301",
          "power_score": 71,
          "win_probability": 13.5,
          "value_rating": "⭐",
          "strengths": [],
          "concerns": []
        },
        {
          "number": 7,
          "name": "Royal Crown 7",
          "draw": 4,
          "jockey": "Connor Beasley",
          "trainer": "J. Gosden",
          "rating": 73,
          "weight": 60,
          "form": "12-0-",
          "power_score": 68,
          "win_probability": 12.9,
          "value_rating": "⭐",
          "strengths": [],
          "concerns": []
        },
        {
          "number": 3,
          "name": "Dubai Star 3",
          "draw": 8,
          "jockey": "L. Dettori",
          "trainer": "Michael Costa",
          "rating": 55,
          "weight": 55,
          "form": "1-123",
          "power_score": 65,
          "win_probability": 12.4,
          "value_rating": "⭐",
          "strengths": [],
          "concerns": []
        }
      ],
      "analysis": "",
      "withdrawals": []
    },
    {
      "race_number": 7,
      "race_name": "Race 7",
      "race_time": "20:30",
      "distance": 2400,
      "surface": "Turf",
      "going": "Standard",
      "predictions": [
        {
          "number": 2,
          "name": "Lucky Star 2",
          "draw": 3,
          "jockey": "Connor Beasley",
          "trainer": "C. Appleby",
          "rating": 103,
          "weight": 62,
          "form": "312-3",
          "power_score": 71,
          "win_probability": 9.9,
          "value_rating": "−",
          "strengths": [],
          "concerns": []
        },
        {
          "number": 5,
          "name": "Mountain Peak 5",
          "draw": 3,
          "jockey": "A. de Vries",
          "trainer": "C. Appleby",
          "rating": 72,
          "weight": 60,
          "form": "12040",
          "power_score": 70,
          "win_probability": 9.8,
          "value_rating": "−",
          "strengths": [],
          "concerns": []
        },
        {
          "number": 6,
          "name": "Night Rider 6",
          "draw": 1,
          "jockey": "Adrie de Vries",
          "trainer": "Ahmad bin Harmash",
          "rating": 81,
          "weight": 58,
          "form": "13314",
          "power_score": 70,
          "win_probability": 9.8,
          "value_rating": "−",
          "strengths": [],
          "concerns": []
        },
        {
          "number": 10,
          "name": "Mountain Peak 10",
          "draw": 5,
          "jockey": "Adrie de Vries",
          "trainer": "D. Watson",
          "rating": 108,
          "weight": 57,
          "form": "--104",
          "power_score": 68,
          "win_probability": 9.5,
          "value_rating": "−",
          "strengths": [],
          "concerns": []
        },
        {
          "number": 3,
          "name": "Royal Crown 3",
          "draw": 11,
          "jockey": "L. Dettori",
          "trainer": "W. Haggas",
          "rating": 79,
          "weight": 52,
          "form": "22103",
          "power_score": 66,
          "win_probability": 9.2,
          "value_rating": "−",
          "strengths": [],
          "concerns": []
        }
      ],
      "analysis": "",
      "withdrawals": []
    }
  ],
  "nap_of_the_day": {
    "horse_name": "Ocean Breeze 3",
    "race": "Race 1",
    "reason": "أعلى نقاط قوة (72)",
    "confidence": 72
  },
  "next_best": {
    "horse_name": "Desert Rose 8",
    "race": "Race 2",
    "reason": "قيمة ممتازة مع احتمالات جيدة"
  },
  "value_pick": {
    "horse_name": "Diamond King 4",
    "race": "Race 3",
    "reason": "احتمالات عالية مع إمكانية مفاجأة"
  },
  "betting_recommendations": {
    "balanced_bets": [],
    "aggressive_bets": [
      {
        "race_number": 1,
        "horse": "Golden Arrow 4",
        "win_probability": 15.8,
        "bet_type": "Each Way",
        "confidence": "Medium"
      },
      {
        "race_number": 5,
        "horse": "Phoenix Rising 2",
        "win_probability": 15.1,
        "bet_type": "Each Way",
        "confidence": "Medium"
      }
    ],
    "no_bet_races": [
      2,
      3,
      4,
      6,
      7
    ]
  }
}